Select Economic Indicators (Monthly),,,,,,,,,,,,,,,,,,,,,,,,,,,,,,,,,,,,,,,,,,,
,,,,,,,,,,,,,,,,,,,,,,,,,,,,,,,,,,,,,,,,,,,
,1 Real Sector (% Change),2 Money and Banking (% Change),,,,,,3 Ratios (%),,,,,,,4 Interest Rates (%),,,,,,,,,,,,,,5 RBI Reference Rate and Forward Premia,,,,,6 Inflation (%),,,,,,7 Foreign Trade (% Change),,,
Date,1.2   Index of Industrial Production,2.1  Scheduled Commercial Banks,,,,2.2   Money Stock Measures,,3.1   Cash Reserve Ratio,3.2   Statutory Liquidity Ratio,3.3   Cash-Deposit Ratio,3.4   Credit-Deposit Ratio,3.5   Incremental Credit-Deposit Ratio,3.6   Investment-Deposit Ratio,3.7   Incremental Investment-Deposit Ratio,4.1   Policy Repo Rate,4.2   Reverse Repo Rate,4.3 Standing Deposit Facility (SDF) Rate *,4.4   Marginal Standing Facility (MSF) Rate,4.5   Bank Rate,4.6   Base Rate,4.7   MCLR (Overnight),4.8   Term Deposit Rate >1 Year,4.9   Savings Deposit Rate,4.10   Call Money Rate (Weighted Average),4.11   91-Day Treasury Bill (Primary) Yield,4.12 182-Day Treasury Bill (Primary) Yield,4.13 364-Day Treasury Bill (Primary) Yield,4.14 10-Year G-Sec Par Yield (FBIL),5.1   INR-US$ Spot Rate (Rs. Per Foreign Currency),5.2   INR-Euro Spot Rate (Rs. Per Foreign Currency),Forward Premia of US$,,,6.1   All India Consumer Price Index,Log CPI,6.2   Consumer Price Index for Industrial Workers,6.3   Wholesale Price Index,Log WPI,6.3.1 Primary Articles,6.3.2 Fuel and Power,6.3.3 Manufactured Products,7.1   Imports,7.2   Exports
,,2.1.1 Deposits,2.1.2 Credit,2.1.2.1 Non-food Credit,2.1.3 Investment in Govt. Securities,2.2.1 Reserve Money (M0),2.2.2 Broad Money (M3),,,,,,,,,,,,,,,,,,,,,,,,1-month (%),3-month (%),6-month (%),,,,,,,,,,
2025,,,,,,,,,,,,,,,,,,,,,,,,,,,,,,,,,,,,,,,,,,,
30/11/25 0:00,6.684673,10.185502,11.539738,11.410097,5.317336,1.6144,9.877754,3.25,18,3.549644,80.500409,76.541016,28.384176,11.236907,5.5,3.35,5.25,5.75,5.75,8.35/10.00,7.80/7.95,5.85/6.60,2.50/2.50,5.454316,5.3633,5.5244,5.5347,6.55,89.4557,103.6309,2.1535,2.0587,2.2086,0.712468,-0.33902028,2.560554,-0.319693,,-2.930773,-2.268179,1.327743,-1.980931,19.327268
31/10/25 0:00,0.532269,9.752437006,11.33281586,11.12055672,5.072977728,2.006008,10.301629,3.5,18,3.848938538,80.21943456,72.07340879,28.49720405,12.0437555,5.5,3.35,5.25,5.75,5.75,8.35/10.00,7.80/8.00,5.85/6.60,2.50/2.50,5.578723,5.458,5.599,5.5813,6.5,88.7241,102.6745,1.9424,1.979,2.1359,0.254065,-1.370165139,2.214533,-1.021059349,,-5.93220339,-2.419354839,1.679496151,16.96580567,-12.37277503
30/09/25 0:00,4.628999319,9.355784839,10.78644019,10.65349044,6.468449833,4.528377,9.231437,3.75,18,4.127102232,80.19896848,68.99072371,28.8264078,13.15706219,5.5,3.35,5.25,5.75,5.75,8.50/10.30,7.80/8.00,5.85/6.60,2.50/2.50,5.565406,5.4749,5.5776,5.608,6.61,88.7234,103.6183,2.1889,2.1715,2.2298,1.441813,0.36590135,2.791347,0.193923723,,-3.120204603,-2.581522,2.325581,18.01362731,6.194794104
31/08/25 0:00,4.115226337,9.311833806,10.11998609,9.998569721,6.712687575,5.835511,9.795018,4,18,4.42617588,79.01278597,43.30874494,28.61631879,7.716033979,5.5,3.35,5.25,5.75,5.75,8.50/10.30,7.80/8.15,5.85/6.60,2.50/2.50,5.45302,5.5087,5.6001,5.6397,6.67,87.8514,102.4728,1.7621,1.7985,1.9708,2.072539,0.728774426,3.15568,0.518135,,-2.101486,-3.2366824,2.618542108,-10.10200382,6.122160202
31/07/25 0:00,3.471295,10.17411786,10.03597578,9.883136659,6.552339662,4.732243,9.606636,4,18,4.285703027,79.23560724,33.46284652,28.80656734,3.768145189,5.5,3.35,5.25,5.75,5.75,8.50/10.30,7.95/8.20,5.85/6.70,2.50/2.50,5.55,5.397,5.5206,5.5673,6.41,86.5247,101.734,1.8073,1.76,1.8497,1.606218,0.473882347,2.662929,-0.579524,,-4.954499,-2.42915,2.046577,8.595187,7.291256
30/06/25 0:00,1.523178807,10.05500581,9.476302022,9.314468951,8.758678684,4.875877,9.458112231,4,18,4.354860405,78.91436667,28.66445553,28.58554136,-0.112485289,5.5,3.35,5.25,5.75,5.75,9.10/10.30,7.95/8.25,5.85/6.70,2.50/2.75,5.288934,5.4094,5.535,5.5687,6.34,85.5594,100.1992,1.6513,1.6578,1.7875,2.103049,0.743388197,2.545969,-0.194805194,,-3.224128965,-3.131381892,1.90140845,-3.71597,-0.051974
31/05/25 0:00,1.228184,9.889106254,8.964463322,8.804913489,8.470657432,6.111755,9.291161,4,18,4.502161577,78.91830091,7.332578955,28.94015109,1.498586929,6,3.35,5.75,6.25,6.25,9.10/10.40,8.15/8.25,6.00/6.85,2.70/2.75,5.801772,5.62,5.6287,5.6288,6.23,85.4778,96.9375,2.0088,1.8729,1.8269,2.823655,1.038032145,2.930665,0.130293159,,-1.754385964,-4.796802131,2.112676056,-1.741414497,-2.793503888
30/04/25 0:00,2.567567568,9.787727156,10.09009446,9.995253815,9.035653258,3.711128899,9.385317265,4,18,4.510951477,79.74744862,-11.2298462,29.25542368,-5.843042835,6,3.35,5.75,6.25,6.25,9.10/10.40,8.15/8.45,6.00/7.15,2.70/2.75,5.86,5.9036,5.9258,5.9146,6.4,85.5788,97.1245,2.5733,2.3381,2.1457,3.160149973,1.150619486,2.941176471,0.850228908,,-0.908605024,-3.764861295,2.620396601,19.12784732,8.600641679
31/03/25 0:00,3.9375,10.282547,11.025988,10.959528,9.690901,4.270729624,9.647074157,4,18,4.270431,80.794892,86.056338,29.659521,28.103718,6.25,3.35,6,6.5,6.5,9.10/10.40,8.15/8.45,6.00/7.25,2.70/3.00,6.351561,6.5199,6.5179,6.4698,6.62,85.5814,92.3246,3.1207,2.56,2.5566,3.336921421,1.205048652,2.951763859,2.245706737,0.227500857,1.255458515,..,3.211991435,11.36302076,0.659452783
28/02/25 0:00,2.7,10.82520865,11.57696308,11.51259738,9.373636883,5.305877,9.375588,4,18,4.467019337,80.43169388,82.12084477,29.50014957,26.46646889,6.25,3.35,6,6.5,6.5,9.10/10.40,8.15/8.45,6.00/7.25,2.70/3.00,6.33,6.449,6.5989,6.5409,6.73,87.4006,90.7807,3.2078,2.4641,2.2021,3.606028,1.28260689,2.586207,2.447089947,1.071621353,2.920110192,-0.968366688,3.004291845,-16.33973803,-11.07594631
31/01/25 0:00,5.013021,11.4,11.8,11.8,9.6,4.352605816,9.317737463,4,18,4.5,80.3,80.5,29.5,26.2,6.5,3.35,6.25,6.75,6.75,9.10/10.40,8.15/8.45,6.00/7.25,2.70/3.00,6.573944,6.5625,6.6691,6.6345,6.71,86.6414,90.0094,2.7963,2.6872,2.2975,4.258760108,1.448978064,3.09575234,2.513227513,1.520721163,4.575523705,-1.872175597,2.64853257,10.31175678,-2.497270387
2024,,,,,,,,,,,,,,,,,,,,,,,,,,,,,,,,,,,,,,,,,,,
31/12/24 0:00,3.217334,9.8,11.2,11.1,10.1,4.898694,9.032686,4.25,18,4.7,80.4,82.6,29.9,30.8,6.5,3.35,6.25,6.75,6.75,9.10/10.40,8.15/8.45,6.00/7.25,2.70/3.00,6.713257,6.5489,6.7,6.6878,6.76,85.5914,89.1109,3.7006,2.9112,2.6062,5.223479,1.653163655,3.530259365,2.56916996,1.7946728,6.01750547,-2.567394095,2.142857143,1.947636218,-1.165173599
30/11/24 0:00,4.961020553,10.7,10.6,10.6,8.4,7.082581818,10.78928176,4.5,18,5.1,79.5,69.8,29.7,28.1,6.5,3.35,6.25,6.75,6.75,9.10/10.40,8.15/8.45,6.00/7.25,2.70/3.00,6.7,6.4929,6.6599,6.6545,6.79,84.4971,89.3568,1.9352,1.9757,2.1767,5.475040258,1.700199629,3.882099,2.155453952,1.703002045,5.490405117,-4.033290653,2.068473609,16.75219211,-5.343936629
31/10/24 0:00,3.726708074,11.504645,11.800082,11.807086,8.144053,9.047891477,10.738652,4.5,18,5.19644025,79.390003,66.150996,29.865176,30.565214,6.5,3.35,6.25,6.75,6.75,9.10/10.40,8.15/8.45,6.00/7.25,2.70/3.00,6.633325,6.5116,6.6404,6.5991,6.81,84.0771,90.9557,1.4943,1.6911,2.012,6.206152186,1.825541088,4.407514451,2.754098361,2.111046881,8.256880734,-4.308681672,1.780626781,3.222503643,16.59872821
30/09/24 0:00,3.232607167,10.38301711,12.34479658,12.35733528,6.811473478,6.042481754,10.42373725,4.5,18,5.104272421,79.16330849,61.59995376,29.60815579,26.20456899,6.5,3.35,6.25,6.75,6.75,9.10/10.40,8.15/8.45,6.00/7.25,2.70/3.00,6.611892,6.6462,6.7222,6.7037,6.78,83.6688,93.4608,1.6538,1.7392,2.1125,5.486148832,1.702226522,4.218181818,1.910408432,1.868949108,6.481481481,-3.853690398,1.068376068,8.288467535,-0.955602701
31/08/24 0:00,..,11.85956901,13.10878327,13.09237472,6.275701522,4.778677,9.842678,4.5,18,5.131378563,78.43292426,47.69259467,29.3133118,20.76819164,6.5,3.35,6.25,6.75,6.75,9.10/10.40,8.15/8.45,6.00/7.25,2.70/3.00,6.59,6.6342,6.721,6.7175,6.9,83.8709,92.9083,1.1185,1.3392,1.642,3.651987,1.295271403,2.442529,1.245901639,0.92518433,2.522333158,-0.536552649,1.000714796,10.435901,-14.09093916
31/07/24 0:00,4.97547302,10.5734875,13.7065968,13.67613694,8.119236967,7.166839,9.669211298,4.5,18,5.074291851,79.33508172,53.14611518,29.78571991,28.82295749,6.5,3.35,6.25,6.75,6.75,9.10/10.40,8.10/8.60,6.00/7.30,2.70/3.00,6.58797,6.6736,6.7885,6.7985,6.97,83.7272,90.8596,1.1077,1.1965,1.4328,3.59635,1.279919442,2.147459,2.103879027,1.157527307,3.182055295,1.925722146,1.577060932,11.19474818,0.630038096
30/06/24 0:00,4.933981931,11.12,17.4,17.39,8.59,7.432237,10.10195025,4.5,18,5.07,79.33,56.01,28.93,6.35,6.5,3.35,6.25,6.75,6.75,9.10/10.40,8.10/8.60,6.00/7.30,2.70/3.00,6.67,6.8034,6.9191,6.9594,7.04,83.4534,89.249,1.1039,1.136,1.26,5.082873,1.625876653,3.665689149,3.425117529,2.219129413,9.199318569,0.47879617,1.501072194,4.642274939,2.440464439
31/05/24 0:00,6.25,12.74510175,19.79476818,19.82174659,10.26468986,5.759447791,12.48872101,4.5,18,4.941406059,79.58798024,57.30869045,29.31859559,12.55976496,6.5,3.35,6.25,6.75,6.75,9.10/10.25,8.00/8.60,6.00/7.25,2.70/3.00,6.55908,6.8478,7.008,7.0364,7.01,83.2988,90.121,1.0802,1.2192,1.3407,4.801786711,1.56898808,3.860430586,2.744310576,2.004762304,7.424328955,1.009421265,0.995732575,7.301599349,13.26857653
30/04/24 0:00,5.188343994,12.56,19.21,19.24,12.28,5.814841357,11.3597653,4.5,18,5.33,79.53,34.39,29.46,6.92,6.5,3.35,6.25,6.75,6.75,9.10/10.25,8.00/8.60,6.00/7.25,2.70/3.00,6.64815,6.92,7.035,7.0697,7.16,83.3395,89.4288,1.1629,1.2607,1.3725,4.828747894,1.574587199,3.874813711,1.191264064,1.654525263,5.230596175,-0.851342502,-0.141442716,11.07399388,1.979153515
31/03/24 0:00,5.471324984,13.47441992,20.16000847,20.16614387,12.76776579,5.577858807,11.13446266,4.5,18,4.986102835,80.25388152,113.3925965,29.81949696,28.4327023,6.5,3.35,6.25,6.75,6.75,9.10/10.25,8.00/8.60,6.50/7.25,2.70/3.00,6.84992,7.0101,7.1447,7.0787,7.07,83.3739,90.2178,0.9953,1.11,1.11,4.853273138,1.579653351,4.201050263,0.264900662,1.518683549,4.566210046,-2.749360614,-0.8492569,-6.391349983,-0.631771763
29/02/24 0:00,5.6,13.1,20.5,20.6,13.3,6.134761184,11.37704865,4.5,18,4.9,80.2,117.5,29.9,29.3,6.5,3.35,6.25,6.75,6.75,9.10/10.25,8.00/8.60,6.50/7.25,2.70/3.00,6.63626,6.9594,7.1673,7.1199,..,82.8865,89.7114,1.1854,1.5057,1.5,5.090497738,1.627375613,4.898266767,0.198807157,1.515279143,4.550691244,-1.71319797,-1.271186441,13.69464063,11.86567686
31/01/24 0:00,4.20624152,13.2,20.3,20.4,15,6.323367526,11.52214217,4.5,18,5.1,80,117.5,29.8,27.7,6.5,3.35,6.25,6.75,6.75,9.10/10.25,8.00/8.60,6.50/7.25,2.70/3.00,6.77265,7.0446,7.1845,7.1541,7.15,83.1155,90.4175,1.2962,1.5946,1.6,5.099150142,1.629073887,4.593373494,0.331785003,1.404487018,4.073436604,-0.449871465,-1.202263083,1.987932053,4.258243392
2023,,,,,,,,,,,,,,,,,,,,,,,,,,,,,,,,,,,,,,,,,,,
31/12/23 0:00,4.386566141,13.3,20,20.1,17.6,5.958145184,11.51935465,4.5,18,5.2,79.5,111.9,29.8,28.2,6.5,3.35,6.25,6.75,6.75,8.95/10.25,7.95/8.50,6.50/7.25,2.70/3.00,6.81,6.93,7.1554,7.13,7.2,83.1164,92.0049,1.2332,1.6482,1.508,5.691519636,1.738977284,4.91,0.863787375,1.74499155,5.725853094,-1.392405063,-0.779588944,-6.643803742,0.804705814
30/11/23 0:00,2.469135802,14.2,21.1,21.3,17.7,6.694545692,11.84610424,4.5,18,5.2,79.6,118.8,30.2,31.8,6.5,3.35,6.25,6.75,6.75,8.95/10.10,7.95/8.50,6.00/7.25,2.70/3.00,6.79194,6.9599,7.1554,7.147,7.31,83.3675,90.93,0.9495,1.1183,1.4716,5.552407932,1.714231695,4.981132,0.393442623,1.64034545,5.156950673,-4.054054054,-0.778485492,-3.317382088,-3.271171502
31/10/23 0:00,11.89189189,13.22254413,20.39417794,20.53206395,18.92038593,5.504685928,11.44488651,4.5,18,5.12783445,79.18021119,119.5222298,30.79324072,40.15300337,6.5,3.35,6.25,6.75,6.75,8.95/10.10,7.95/8.45,6.00/7.75,2.70/3.00,6.74,6.9349,7.1374,7.16,7.35,83.2518,87.8984,1.0238,1.33,1.7103,4.867006225,1.58247901,4.452830189,-0.261608895,0.816555766,2.262693157,-1.582278481,-1.057082452,10.27750248,5.796328153
30/09/23 0:00,6.352765321,12.29616477,17.58059854,17.61017646,18.90128199,6.42616132,11.53805081,4.5,18,5.402205909,77.78094879,99.47457594,30.59818815,37.04239902,6.5,3.35,6.25,6.75,6.75,8.85/10.10,7.95/8.45,6.00/7.25,2.70/3.00,6.748235,6.8648,7.0778,7.0846,7.22,83.058,87.9379,1.88,1.69,1.75,5.019965773,1.613423116,4.722010663,-0.065832785,1.476474863,4.377487209,-3.345959596,-1.265822785,-14.02365121,-2.77703947
31/08/23 0:00,10.3,13.223048,19.73449867,19.84618876,16.46798756,9.754323,11.5,4.5,18,5.735193988,77.52893184,103.7616635,30.66797769,40.64100134,6.5,3.35,6.25,6.75,6.75,8.85/10.10,7.95/8.40,6.00/7.25,2.70/3.00,6.75,6.8225,7.02,7.0298,7.14,82.65,89.17,1.31,1.38,1.4,6.827309,1.920930599,6.91,-0.522193,1.906609311,6.73022995,6.344221106,2.304469274,-2.773422,3.790489054
31/07/23 0:00,6.175595238,12.93,19.55,19.69,16.46,5.35367944,10.59058,4.5,18,5.2,77.15,99.01,30.46,37.78,6.5,3.35,6.25,6.75,6.75,8.85/10.10,7.95/8.35,6.00/7.25,2.70/3.00,6.5,6.72,6.8609,6.8925,7.17,82.2465,90.316,1.17,1.22,1.33,7.439446367,2.006796433,7.544264819,-1.233766234,2.10947717,8.243929983,-12.72509004,-2.583798883,-16.12865441,-10.03216285
30/06/23 0:00,4.049168474,12.94042419,16.15892925,16.28493989,14.33488807,6.488731685,13.36118621,4.5,18,5.142241611,75.08720161,63.70648583,29.59834673,22.97833425,6.5,3.35,6.25,6.75,6.75,8.75/10.10,7.95/8.35,6.00/7.25,2.70/3.00,6.79,6.7599,6.8684,6.8685,7.1,82.04,89.13,1.39,1.32,1.38,4.866743917,1.582425113,5.572755418,-4.182754183,,-2.975206612,-12.50748055,-2.779708131,-16.8445012,-18.81438847
31/05/23 0:00,5.3,11.43058693,15.25126515,15.45790568,14.76589083,8.1,10.4,4.5,18,5.249157096,75.17118286,50.43901008,29.96994854,28.51149271,6.5,3.35,6.25,6.75,6.75,8.75/10.10,7.90/8.50,6.00/7.25,2.70/3.00,6.36,6.7839,6.8963,6.8941,7.05,82.72,88.79,1.45,1.55,1.62,4.3,1.458615023,4.42,-3.6,,-1.9,-9.2,-3,-0.7,-4.5
30/04/23 0:00,4.609665428,10.14,15.65,15.93,13.1,10.219624,9.516931521,4.5,18,5.3,75.09,46.48,29.53,10,6.5,3.35,6.25,6.75,6.75,8.75/10.10,7.90/8.50,6.00/7.25,2.70/3.00,6.700453,6.8225,6.9723,7.004,7.12,81.7829,90.0817,1.725,1.82,1.975,4.703115814,1.548225228,5.09,-0.787918582,0.637167913,1.891117479,0.992063492,-2.280580511,-15.50455912,-12.79585535
31/03/23 0:00,1.948924731,9.587431755,15.00188302,15.36819262,14.51177966,7.8,9.027303509,4.5,18,4.98877432,75.7886319,113.0064818,30.0063595,43.46526012,6.5,3.35,6.25,6.75,6.75,8.65/10.10,7.50/8.50,6.00/7.25,2.70/3.00,6.776483,..,7.282,7.3064,7.31,82.2169,89.6076,2.408264,2.189331,2.31096,5.664877758,1.734285316,5.79,1.410342512,0.922706619,2.516091281,8.686587908,-0.702740689,-3.439129749,-5.868682315
28/02/23 0:00,6,10.13918524,15.51525056,15.89132894,14.30039141,10.476098,9.507209,4.5,18,5.011902686,75.30163935,111.629715,29.87770029,43.57426833,6.5,3.35,6.25,6.75,6.75,8.65/9.40,7.50/8.40,6.00/7.25,2.70/3.00,6.619553,6.8154,7.18,7.2563,7.43,82.7432,87.7,2.102892,2.562144,2.296261,6.442,1.862839051,6.16,3.854,1.280933846,3.6,14,1.944,-4.144819957,-0.424708
31/01/23 0:00,5.8,10.52174808,16.2922934,16.69318334,13.41476149,10.8,9.8,4.5,18,5.214638828,75.27069188,115.3181116,29.31114696,37.12489272,6.25,3.35,6,6.5,6.5,8.65/9.40,7.30/8.40,6.00/7.25,2.70/3.00,6.44,6.4731,6.8693,6.9048,7.351,81.54,88.66,1.77,2.55,2.44,6.518,1.87456758,6.16,4.798331015,1.401109447,4.059701493,15.00369549,3.06122449,0.493864205,1.6
2022,,,,,,,,,,,,,,,,,,,,,,,,,,,,,,,,,,,,,,,,,,,
31/12/22 0:00,5.1,9.185712408,14.89166744,15.30854395,10.58793925,10.3,8.7,4.5,18,5.301895895,75.03673889,111.5941192,28.73154522,28.93337342,6.25,3.35,6,6.5,6.5,8.10/9.40,7.30/8.15,6.00/7.25,2.70/3.00,6.38,6.3099,6.74,6.8907,7.3388,82.7862,88.1496,2.174275,2.174275,2.222593,5.716,1.74326926,5.5,5.024424285,0.982905481,2.672209026,18.087,3.37,1.473550285,-3.019189738
30/11/22 0:00,7.6,9.785754541,17.26329076,17.68322621,10.71356232,10.996227,8.929654,4.5,18,5.281924853,75.03021769,128.5736149,29.26489144,39.72452138,5.9,3.35,5.65,6.15,6.15,8.10/8.80,7.05/8.05,6.10/7.25,2.70/3.00,6.130975,6.3977,6.7254,6.8678,7.2888,81.5289,84.873,2.207806,2.158744,2.256868,5.879,1.771386679,5.41,6.1,1.774952351,5.9,19.7,3.4,7.4,9.7
31/10/22 0:00,-4.1,8.889573791,17.01969112,17.4494621,8.576626855,11.2,9.1,4.5,18,5.184104771,74.4636087,119.9966817,29.31784176,41.53418652,5.9,3.35,5.65,6.15,6.15,8.10/8.80,6.95/7.85,5.50/7.00,2.70/3.00,6.16,6.3994,6.7195,6.9197,7.4462,82.41,82.14,3.28,2.86,2.74,6.767,1.912057857,6.08,8.7,2.412841579,11.16564417,25.3968254,4.415,7.964934449,-11.5482712
30/09/22 0:00,3.3,12.46801916,20.14923947,20.66605909,8.747915286,12.858177,8.64396,4.5,18,5.435850379,74.2852337,105.8084137,28.89841994,31.68341563,5.9,3.35,5.65,6.15,6.15,7.75/8.80,6.85/7.75,5.30/6.10,2.70/3.00,5.516601,6.1776,6.64,6.7966,7.4135,81.5522,80.1093,3.82577,3.384335,3.016473,7.414,2.003370105,6.49,10.55312955,2.445897286,11.54090044,33.1092437,6.119402985,12.58862861,4.661254019
31/08/22 0:00,-0.7,9.517305579,15.49034984,15.97265154,10.33357338,10.3,8.9,4.5,18,5.135042796,73.31272163,107.3411859,29.81353059,64.00424605,5.4,3.35,5.15,5.65,5.65,7.75/8.80,6.80/7.65,5.30/6.10,2.70/3.00,5.102751,5.6341,6.089,6.3199,7.1737,79.9097,79.6236,3.303729,3.203616,3.00339,6.998,1.945624394,5.85,12.5,2.687847494,14.7,35,7.5,37.2,10.9
31/07/22 0:00,2.205323,9.153057334,14.525597,15.05144858,7.983374004,11.250016,8.566518,4.5,18,5.555633515,72.87957651,94.28709197,29.53912089,56.27086509,4.9,3.35,4.65,5.15,5.15,7.75/8.80,6.70/7.50,5.30/5.75,2.70/3.00,5.036488,5.6229,5.9788,6.33,7.319,79.4203,81.1675,3.324087,3.34927,3.198175,6.7,1.902107526,5.78,14.1,2.694627181,14.8,44.6,8.163,38.2,7.9
30/06/22 0:00,12.6,8.641408,13.351359,13.861872,6.228087,10.9,7.785009,4.5,18,5.291951,73.471293,235.922646,29.450435,124.830402,4.9,3.35,4.65,5.15,5.15,7.25/8.80,6.70/7.30,5.00/5.75,2.70/3.00,4.608259,5.1595,5.7899,6.287,7.5,78.3308,82.5633,2.757536,2.859667,2.8852,7,1.945910149,6.16,16.2,2.923161581,18.6,50.9,9.3,52.863211,30.118875
31/05/22 0:00,19.7,8.755,12.5,13,5.954,10.43631,8.784822,4.5,18,5.18,72.679,129.9,29.104,76.9,4.4,3.35,4.15,4.65,4.65,7.25/8.80,6.60/7.00,5.00/5.75,2.70/3.00,4.089713,4.8869,5.4294,5.91,7.43,77.6592,83.4883,3.55399,3.63125,3.657004,7,1.945910149,6.97,16.62904439,2.936064251,18.84154461,48.99817851,10.2661597,25.4,15
30/04/22 0:00,6.7,9.971874,11,11.380719,6.6,13.212685,9.477363,4,18,4.99681,71.53045,34.7,28.84145,31,4,3.35,3.75,4.25,4.25,7.25/8.80,6.50/7.00,5.00/5.60,2.70/3.00,3.631609,3.9799,4.3999,4.8102,7.148,76.4242,80.5807,4.082476,3.76844,3.689931,7.794677,2.053441065,6.33,15.4,2.721295428,15.2,38.8,11.4,26.1,29.1
31/03/22 0:00,5.2,8.9,9.6,9.7,6,13,8.8,4,18,4.672628,72.220396,77.2,28.720666,19.7,4,3.35,..,4.25,4.25,7.25/8.80,6.45/7.00,5.00/5.60,2.70/3.00,3.339184,3.84,4.2669,4.5805,6.86,76.1781,84.0067,5.670921,2.19,4.095665,6.951531,1.938961923,5.35,14.6,2.332143895,10.3,31.8,11.3,16.78761971,6.887510735
28/02/22 0:00,1.2,8.597726,9.103455,9.233946,4.683654,13.875638,8.725407,4,18,4.6,71.797111,72.13928,28.789976,18.79,4,3.35,..,4.25,4.25,7.25/8.80,6.45/7.00,5.00/5.60,2.70/3.00,3.29543,3.6954,4.19,4.52,6.7798,75.2842,84.3785,4.303692,4.409956,4.197428,6.066411,1.802767162,5.04,13.4,2.63188884,13.9,30.8,10.2,37.2,34.5
31/01/22 0:00,2,8.3,8.18534,8.298046,3.3,13.457601,8.366873,4,18,4.8,71.5,67.6,28.6,12.8,4,3.35,..,4.25,4.25,7.25/8.80,6.45/7.00,5.00/5.60,2.70/3.00,3.717837,3.708,4.1789,4.5053,6.69,74.9513,83.5977,3.842495,4.883171,4.656357,6.014075,1.794102555,5.84,13.7,2.747270914,15.6,34.4,9.517398,25.1,27.9
2021,,,,,,,,,,,,,,,,,,,,,,,,,,,,,,,,,,,,,,,,,,,
31/12/21 0:00,1,10.3,9.252432,9.370691,2.8,14.74301,11.401949,4,18,5,71.3,65.122088,28.4,12.9,4,3.35,..,4.25,4.25,7.25/8.80,6.50/7.00,4.90/5.60,2.70/3.00,3.323051,3.657,3.9699,4.265,6.4688,74.3025,84.045,3.956798,4.145217,4.710474,5.7,1.740466175,5.56,14.3,2.624668592,13.8,38.1,10.7,40.5,44.3
30/11/21 0:00,1,8.88001,6.94053,7.066747,3.560323,12.760946,9.525345,4,18,4.802058,70.954318,37.310447,29.019644,17.7,4,3.35,..,4.25,4.25,7.30/8.80,6.50/7.00,4.90/5.50,2.70/3.00,3.35,3.53,3.8301,4.1299,6.33,74.7148,83.8504,3.694047,3.801121,4.711249,4.908747,1.591018716,4.84,14.9,2.32238772,10.2,44.4,12.3,56.8,34.6
31/10/21 0:00,4.2,10.026733,6.908366,6.982649,4.414567,14.1,9.663062,4,18,4.851548,69.99677,20.8,29.402726,27,4,3.35,..,4.25,4.25,7.30/8.80,6.50/7.00,4.90/5.50,2.7,3.280766,3.561,3.8322,4.039,6.4262,74.7858,87.2616,4.171915,4.385859,4.74689,4.482323,1.500141439,4.5,13.8,2.00148,7.4,38.6,12.9,57.4,43.4
30/09/21 0:00,4.4,9.4,6.7,6.8,5.1,14.736145,9.339126,4,18,4.728066,70.240744,1.505432,29.895084,41.29,4,3.35,..,4.25,4.25,7.30/8.80,6.55/7.00,4.90/5.50,2.70/3.00,3.19,3.4488,3.5669,3.81,6.2309,73.6935,86.469,3.5,3.64,3.87,4.324783,1.464361966,4.41,11.8,1.791759469,6,29.5,11.6,85.7,22.7
31/08/21 0:00,13,9.453882,6.670248,6.685413,5.336119,15.215791,9.52672,4,18,4.789303,70.228977,-12.86321,29.599043,32.3,4,3.35,..,4.25,4.25,7.40/8.80,6.55/7.00,4.90/5.50,2.70/3.00,3.19,3.2958,3.449,3.6493,6.2731,74.133,87.198,3.4,3.56,3.76,5.300582,1.667816626,4.79,11.6,1.774952351,5.9,28.2,11.6,53,46.3
31/07/21 0:00,11.5,9.8,6.1,6.2,8.2,16.80427,9.904753,4,18,4.959453,70.168498,-8.940243,29.859091,41.6,4,3.35,..,4.25,4.25,7.40/8.80,6.55/7.00,4.90/5.50,2.70/3.00,3.207405,3.388,3.5298,3.7299,6.2158,74.3871,88.3882,3.549002,3.817866,4.006071,5.588044,1.720629315,5.27,11.6,1.840549633,6.3,27,11.5,62,49.7
30/06/21 0:00,13.8,9.8,6.1,6.1,10.4,16.920586,10.670151,4,18,4.7,71.1,-56.46545,30.1,87.1,4,3.35,..,4.25,4.25,7.40/8.80,6.55/7.05,4.90/5.50,2.7,3.153441,3.4443,3.72,3.8898,6.36,74.179,88.5677,3.801615,3.990348,4.125157,6.258235,1.833898197,5.57,12.070411,2.151762203,8.6,29.3,11,97.5,47.9
31/05/21 0:00,27.6,9.454832,5.9,5.8,11.663708,18.322066,10.325635,4,18,4.838872,70.9,-84.4,29.873982,65,4,3.35,..,4.25,4.25,7.40/8.80,6.55/7.05,4.90/5.50,2.7,3.177894,3.3998,3.5996,3.725,6.28,72.4767,88.2307,5.463825,5.629395,5.49142,6.29556,1.839844623,5.24,13.1,2.240709689,9.4,36.7,11.3,69.9,68.3
30/04/21 0:00,..,11.199455,6.233398,6.002722,14.07853,18.736239,11.1,3.5,18,4.407572,71.518509,-24.360496,29.665842,44.62,4,3.35,..,4.25,4.25,7.40/8.80,6.55/7.05,4.90/5.50,2.7,3.210782,3.3199,3.4507,3.72,6.2551,74.0232,89.6905,5.99812,5.376693,5.174054,4.2,1.435084525,5.14,10.7,2.292534757,9.9,21.3,9.4,169.5,202.6
31/03/21 0:00,24.2,11.395152,5.579588,5.515608,19.336566,18.8,12.244579,3.5,18,4.191214,72.4,37.428,29.526696,46.76,4,3.35,..,4.25,4.25,7.40/8.80,6.55/7.05,4.90/5.50,2.7,3.249292,3.3162,3.4683,3.8264,6.34,72.4046,85.3129,6.795148,5.635001,5.469266,5.5,1.704748092,5.64,7.92027,1.987874348,7.3,9.7,7.833558,55.4,64.1
28/02/21 0:00,-3.2,12.1,6.6,6.6,18.3,13.595699,12.787738,3,18,3.70764,72.150419,29.6,29.874314,52.8,4,3.35,..,4.25,4.25,7.30/8.80,6.55/7.05,4.90/5.50,2.7,3.251089,3.1699,3.4808,3.7,6.3358,73.0408,88.7967,5.585919,5.585919,5.188881,5.030181,1.615455968,4.48,4.8,1.098612289,3,2,6.1,7.5,-0.4
31/01/21 0:00,-0.6,11.1,5.9,5.9,18.8,14.464358,12.078001,3,18,3.8,72.3,26.9,29.9,56.2,4,3.35,..,4.25,4.25,7.30/8.80,6.55/7.05,4.90/5.50,2.7,3.22784,3.3468,3.5607,3.6757,5.9597,72.9519,88.301,4.194545,5.483065,5.126666,4.061252,1.401491301,3.15,2.5,,-1.6,-3.8,5.5,2.1,6.5
2020,,,,,,,,,,,,,,,,,,,,,,,,,,,,,,,,,,,,,,,,,,,
31/12/20 0:00,2.2,10.799098,6.2,6.201634,17.328798,14.87596,12.40364,3,18,3.7,73.099915,23.5,30.380888,72,4,3.35,..,4.25,4.25,7.30/8.80,6.55/7.10,4.90/5.50,2.7,3.235565,3.079,3.3439,3.4571,5.89,73.5838,89.808,3.84,3.750826,4.348783,4.587766,1.523393195,3.67,2,,-0.6,-6.1,4.5,8.4,0.4
30/11/20 0:00,-1.6,10.7,5.9,5.9,19.3,15.27038,12.493552,3,18,3.83245,72.227032,11,30.528244,73.6,4,3.35,..,4.25,4.25,7.40/8.80,6.60/7.10,4.90/5.50,2.7,3.104012,2.9292,3.2599,3.3949,5.8419,73.7983,88.0222,3.36,3.52,4.23,6.931359,1.936055898,5.27,2.3,1.335001067,3.8,-7,3.2,-12.228863,-8.252412
31/10/20 0:00,4.5,11.1,5.6,5.6,21.5,12.804449,11.584678,3,18,3.756444,72,2,31,85.4,4,3.35,..,4.25,4.25,7.40/8.80,6.65/7.10,7.00/7.50,2.7,3.193153,3.1972,3.3594,3.4542,5.9119,73.9732,86.9654,3.244418,3.460713,3.893302,7.608696,2.029291804,5.91,1.3,1.458615023,4.3,-11.1,2.2,-10.3,-4.9
30/09/20 0:00,1,10.5,5.1,5.1,20.3,14.38798,12.176212,3,18,3.628531,72.018584,-14.3,31.124432,100.6,4,3.35,..,4.25,4.25,7.40/9.00,6.65/7.15,4.90/5.50,2.7,3.414302,3.3578,3.5779,3.7312,6.04,73.7297,86.0411,3.743403,3.797655,3.90616,7.33882,1.993178067,5.62,1.319044,1.412180164,4.104895,-8.564274,1.861154,-19.6,6
31/08/20 0:00,-7.1,10.9,5.5,5.5,21.8,14.736745,12.571892,3,18,3.7,72.1,-25.4,30.7,101.9,4,3.35,..,4.25,4.25,7.40/9.00,6.65/7.20,5.00/5.50,2.7,3.428013,3.2367,3.4889,3.5891,6.12,73.3528,87.0673,3.762638,3.898965,4.008027,6.689655,1.900562303,5.63,0.364609,0.620427014,1.859722,-9.068379,1.373345,-26.006429,-12.2
31/07/20 0:00,-10.5,11.115991,5.684605,5.550394,20.770887,14.908901,13.219011,3,18,3.683589,72.606888,-14.955739,30.304634,93.1,4,3.35,..,4.25,4.25,7.40/9.00,6.65/7.30,5.10/5.50,2.7,3.456727,3.2979,3.3901,3.5195,5.7833,74.7722,88.8737,3.610968,3.744707,3.798203,6.7,1.902107526,5.33,-0.2,0.470003629,1.6,-9.840954,0.6,-29.6,-9.9
30/06/20 0:00,-16.627997,9.6,5.6,5.4,18.9,11.842083,12.3,3,18,3.721473,73.590164,-37.6,29.941364,122.8,4,3.35,..,4.25,4.25,7.40/9.00,6.70/7.45,5.10/5.65,2.7,3.535303,3.1947,3.4197,3.5399,5.9,75.4757,84.6264,3.656806,3.656806,3.815798,6.228132,1.829076448,5.06,-1.8107,,-0.1,-16.2,0.084388,-48,-12.2
31/05/20 0:00,-33.4,10.5,5.5,5.5,16.7,11.837832,11.735796,3,18,3.750125,73.340979,-38.7,29.286027,91.4,4,3.35,..,4.25,4.25,8.15/9.40,6.95/7.50,5.10/5.90,2.75/3.50,3.622218,3.1939,3.3998,3.4099,5.7889,75.6369,83.9146,3.49036,3.596128,3.728339,6.267606,1.835394464,5.1,-3.4,,-2.1,-23.1,-0.3,-51,-35.7
30/04/20 0:00,-57.3,9.9,6.8,6.7,14.9,9.088217,10.764852,3,18,3.727305,74.861762,-62.6,28.92657,147.51,4.4,3.75,..,4.65,4.65,8.15/9.40,7.10/7.75,5.70/6.00,2.75,4.094281,3.6427,3.6553,3.7016,6.55,76.417,82.2113,3.925813,3.847296,3.925813,7.2,1.974081026,5.45,-1.6,,-1.1,-12.6,0.2,-59.7,-61
31/03/20 0:00,-18.7,7.9,6.1,6.1,10.6,9.4,8.863774,3,18.25,4.59,76.43904,60.292444,27.6,36.2,4.4,4,..,4.65,4.65,8.15/9.40,7.40/7.90,5.90/6.40,3,5.051287,4.3595,4.9694,4.9396,6.71,74.8434,82.6411,8.978748,5.932387,5.050546,5.840456,1.764808876,5.5,0.4,0.78845736,2.2,-2.9,0.338123,-28,-34.3
29/02/20 0:00,5.2,9,6.1,6.1,10.6,11.320836,10.168521,4,18.25,4.7,75.826961,44.3,28.3,51.8,5.15,4.9,..,5.4,5.4,8.45/9.40,7.50/7.90,6.00/6.40,3.25,4.961787,5.0793,5.1845,5.1649,6.6529,72.1895,79.4421,3.823271,3.93409,3.906385,6.576126,1.883445818,6.84,2.259414,1.871802177,6.5,3.1,0.5,3.6,3.3
31/01/20 0:00,2.2,9.9,7.2,7.1,11.2,12.326393,11.2,4,18.25,4.7,75.84193,44.4,28.037419,46.9,5.15,4.9,..,5.4,5.4,8.45/9.40,7.50/7.95,6.10/6.40,3.25,4.94202,5.1266,5.2396,5.289,6.8612,71.5096,78.8169,3.524002,4.251177,4.209225,7.593123,2.027242969,7.49,3.5,2.304078777,10.014948,5.4,0.6,-0.741624,-2.1
2019,,,,,,,,,,,,,,,,,,,,,,,,,,,,,,,,,,,,,,,,,,,
31/12/19 0:00,0.4,9.7,7,6.9,12.9,10.195692,10.372685,4,18.5,4.8,76.2,39,28.7,74.1,5.15,4.9,..,5.4,5.4,8.45/9.40,7.65/8.00,6.20/6.40,-/-,5.111602,5.0258,5.2197,5.3,6.7762,71.2214,79.1859,3.959484,3.903321,4.380706,7.351892,1.994957695,9.63,2.8,2.438921523,11.460674,0.4,-0.253593,-6.5,-2.7
30/11/19 0:00,2.1,9.5,7.2,7.2,8.6,12.414495,9.828472,4,18.5,4.780262,75.503478,22.5,28.3,62.4,5.15,4.9,..,5.4,5.4,8.95/9.40,7.65/8.10,6.25/6.60,3.25,5.032825,4.9896,5.1197,5.1389,6.6464,71.7255,78.975,3.34609,3.34609,3.764352,5.539773,1.711953525,8.61,0.575658,2.028148247,7.6,-7.319305,-0.841751,-11.8,-1.3
31/10/19 0:00,-6.626506,10.3,8.9,8.8,7,15.331405,10.598516,4,18.5,4.879918,75.824461,17.026413,28.3,73.34,5.15,4.9,..,5.4,5.4,8.95/9.40,7.70/8.20,6.25/6.85,-/-,5.067767,5.0361,5.2056,5.2998,6.54,70.9593,78.8121,3.382221,3.607702,3.988202,4.619758,1.530342323,7.62,..,1.791759469,6,-8.086253,-0.925147,-14.977246,-1.652887
30/09/19 0:00,-4.6,9.4,8.8,8.7,7.1,11.965122,9.6,4,18.75,4.799321,75.674146,-0.9,28.611666,93.3,5.4,5.15,..,5.65,5.65,8.95/9.40,7.80/8.30,6.25/7.00,3.25,5.31,5.4065,5.5016,5.6008,6.8473,70.8381,77.3203,3.975358,3.947164,4.229105,3.994294,1.384866843,6.98,0.330852,1.711101503,5.535055,-6.7,-0.422297,-12,-6.6
31/08/19 0:00,-1.40625,9.7,10.2,10.1,2.1,13.092292,9.8,4,18.75,4.867156,75.743461,-44.4,28.02048,96.5,5.4,5.15,..,5.65,5.65,8.95/9.40,7.90/8.40,6.35/7.10,3.25,5.360372,5.4065,5.6287,5.7239,6.6974,71.7586,79.2397,3.846229,4.180684,4.236426,3.276353,1.186730914,6.31,1.165695,1.873166784,6.508876,-3.527169,..,-12.855644,-6.53189
31/07/19 0:00,4.852824,9.6,12.1,12.1,1.3,12.896138,10.622682,4,18.75,4.8,76.5,-186.1,27.7,207.1,5.75,5.5,..,6,6,8.95/9.40,8.00/8.40,6.25/7.30,3.5,5.594651,5.6539,5.8833,5.9372,6.47,69.0611,76.9437,4,4.09,4.31,3.1,1.131402112,5.98,1.16764,1.712578626,5.543237,-3.639847,0.254885,-8.9,1.9
30/06/19 0:00,1.252937,10.4,11.9,11.9,1.8,13.524274,10.089656,4,19,5.132446,76.441512,-60.42417,27.605326,105.31,5.75,5.5,..,6,6,8.95/9.40,8.05/8.50,6.25/7.30,3.5,5.782526,6.0254,6.1599,6.1627,6.9332,68.918,78.3579,4.61,4.64,4.7,3.176895,1.155904305,8.59,2.015113,1.858653651,6.415094,-2.10728,1.023018,-8.423073,-7.8
31/05/19 0:00,4.475309,11.1,13.5,13.3,3.7,13.780613,10.272814,4,19,4.874336,76.820177,-212.9,27.7,302.3,6,5.75,..,6.25,6.25,8.95/9.40,8.05/8.50,6.25/7.50,3.5,5.903923,6.1908,6.2665,6.2985,7.0706,69.8058,77.7288,3.95,3.95,3.93,3,1.098612289,8.65,2.789518,1.912975421,6.773212,1.953125,1.454234,6.298389,3.125719
30/04/19 0:00,3.181077,9.7,13,13.1,2.8,12.977567,9.991365,4,19,4.815134,77.067068,167.703164,27.7,*,6,5.75,..,6.25,6.25,8.95/9.40,8.05/8.50,6.25/7.50,3.5,6.156849,6.4391,6.5014,6.5141,7.4409,70.1445,78.1283,4.83,4.51,4.28,2.990518,1.095446617,8.33,3.239557,1.884027754,6.579954,3.838384,1.89166,6.055767,0.339843
31/03/19 0:00,2.708482,10.044787,13.3,13.4,1.856737,14.5,10.5,4,19.25,5.0949,77.702476,99.875862,26.886767,5.4,6.25,6,..,6.5,6.5,8.95/9.40,8.05/8.55,6.25/7.50,3.5,6.35,6.3149,6.3519,6.3892,7.3391,69.1713,77.7024,6.071882,4.799678,4.163577,2.857143,1.049822175,7.67,3.095443,1.592128363,4.914197,4.591837,2.158895,2.14451,12.173712
28/02/19 0:00,0.156986,10,14.7,14.6,-1.2,16.478145,10.8378,4,19.25,4.7,78.140319,123.540097,27.64091,3.63,6.25,6,..,6.5,6.5,8.95/9.45,8.15/8.55,6.25/7.50,3.5,6.29,6.3977,6.48,6.5482,7.41,71.2177,80.7528,4.13,4.38,4.16,2.565982,0.942341251,6.97,2.92851,1.561428693,4.765625,1.720648,2.337662,-3.382148,3.209241
31/01/19 0:00,1.587302,9.6172,14.8,14.7,-0.1,16.198985,10.443202,4,19.25,4.7,78,127.7,27.9,4.4,6.5,6.25,..,6.75,6.75,8.95/9.45,8.15/8.55,6.25/7.50,3.5,6.431364,6.5634,6.694,6.7763,7.3,71.1051,80.4986,4.05,4.22,4.11,1.972243,0.679171474,6.6,2.758621,1.099381659,3.002309,1.8,2.78503,1.9,3.934314
2018,,,,,,,,,,,,,,,,,,,,,,,,,,,,,,,,,,,,,,,,,,,
31/12/18 0:00,2.526799,8.9,13.9,13.8,-0.5,17.001756,10.152515,4,19.5,5.092675,78.154107,139.186836,27.871825,1.06,6.5,6.25,..,6.75,6.75,8.95/9.45,8.15/8.55,6.25/7.50,3.5,6.567475,6.6462,6.844,6.9366,7.405,69.9786,80.1805,4.37,3.97,4.09,2.113703,0.748441386,5.24,3.457217,0.312430537,1.366743,7.643979,3.590193,0.7,1.753577
30/11/18 0:00,0.238474,10.8,16.2,16.3,2,18.869237,10.43153,4,19.5,4.8,77.1,111.6,28.5,17.8,6.5,6.25,..,6.75,6.75,8.95/9.45,8.15/8.45,6.25/7.50,3.5,6.389296,6.7706,7.0587,7.2239,7.6401,69.6574,79.3588,4.31,4.02,4.13,2.325581,0.8439699,4.86,4.467354,-0.530628751,0.588235,15.539112,4.210526,5.472313,-1.1
31/10/18 0:00,8.408163,9,14.6,14.8,3.2,17.360135,9.99643,4,19.5,4.681788,76.7,118.3,29.188828,34.04,6.5,6.25,..,6.75,6.75,8.85/9.45,8.05/8.40,6.25/7.25,3.5,6.499699,6.9366,7.2308,7.478,7.8441,73.374,83.4077,4.58,4.36,4.33,3.379868,1.217836656,5.23,5.536332,0.901999497,2.464526,18.656716,4.573439,19.136885,16.5
30/09/18 0:00,4.630382,8.1,12.5,12.6,3.7,18.645015,9.394319,4,19.5,4.895247,76.116747,95.300574,29.220616,34.48,6.5,6.25,..,6.75,6.75,8.85/9.45,7.90/8.30,6.25/7.25,3.5,6.49452,7.1858,7.4247,7.7334,8.0007,72.5474,84.4428,4.96,4.58,4.36,3.698225,1.307852975,5.61,5.221932,1.112457664,3.041825,17.301415,4.133685,12.793938,-2.454316
31/08/18 0:00,4.832105,8.9,13.4,13.5,5.1,18.965328,10.779992,4,19.5,4.691798,75.393755,70.5,30.092246,84.4,6.5,6.25,..,6.75,6.75,8.75/9.45,7.90/8.05,6.25/7.25,3.5,6.356646,6.8121,7.0157,7.3277,7.9517,70.9255,82.8391,4.4,4.34,4.22,3.692762,1.306374688,5.61,4.616725,,-0.07391,17.732884,4.432624,26.762906,19.087841
31/07/18 0:00,6.525424,8.7,12.27033,12.5,6.8,20.612744,9.874699,4,19.5,4.739747,74.725303,-8.9,30.028027,136.9,6.25,6,..,6.5,6.5,8.75/9.45,7.90/8.05,6.25/7.00,3.5,6.208214,6.6877,6.9727,7.27,7.76,68.7041,79.7792,4.37,4.37,4.4,4.172876,1.428605486,5.61,5.267779,0.711084835,2.036199,18.099548,4.529307,29.730879,16.045066
30/06/18 0:00,7.041073,6.807279,10.861524,10.861518,6,21.138748,9.756405,4,19.5,4.89848,75.420452,65.7,29.919752,169.3,6.25,6,..,6.5,6.5,8.70/9.45,7.80/8.05,6.25/7.00,3.5,6.171296,6.5219,6.8869,7.1318,7.9821,68.5753,79.8491,4.46,4.37,4.39,4.924242,1.594170354,3.93,5.678793,1.556687346,4.743083,16.517857,4.174067,20.9,17.9
31/05/18 0:00,3.8,8.088769,12.8,13,5.1,24.9,10.359724,4,19.5,4.738963,75.2,**,29.717158,*,6,5.75,..,6.25,6.25,8.70/9.45,7.80/7.95,6.25/6.75,3.5,5.938367,6.3977,6.8011,6.9251,7.92,68.26,79.8847,4.13,4.01,4.04,4.870624,1.58322206,3.96,4.782994,1.332753543,3.791469,12.651265,3.818828,14.728292,20.541758
30/04/18 0:00,4.518329,4.892331,8.959882,8.95989,5.915502,27.006812,10.231652,4,19.5,4.894203,74.657564,**,29.484941,*,6,5.75,..,6.25,6.25,8.70/9.45,7.80/7.95,6.25/6.75,3.5,5.924599,6.1908,6.4159,6.628,7.7969,66.7801,80.7438,4.22,3.89,3.97,4.576659,1.520969256,3.97,3.621908,0.951760959,2.590267,7.960742,3.285968,2.87318,5.580687
31/03/18 0:00,5.33033,3.416532,6.726793,6.726803,9.93428,27.3,9.151439,4,19.5,5.108074,75.385348,112.76282,29.033794,41.91,6,5.75,..,6.25,6.25,8.65/9.45,7.80/7.95,6.25/6.75,3.5,6.15,6.1081,6.3305,6.4914,7.4216,65.0441,80.6222,4.61,4.37,4.21,4.278075,1.453503142,4.36,2.738516,-0.144494122,0.86546,4.700855,3.116652,7.1,-0.459072
28/02/18 0:00,6.879195,5.360632,10.800219,11.094381,2.7,39.325222,9.921902,4,19.5,4.8,74.911648,165.987231,30.762747,147.4,6,5.75,..,6.25,6.25,8.65/9.45,7.65/7.80,6.00/6.75,3.5,5.937134,6.3563,6.5014,6.6622,7.7,64.8227,79.7643,4.26,4.5,4.13,4.441041,1.490888808,4.74,2.743363,-0.239016361,0.787402,4.550265,3.309481,10.578104,5.3
31/01/18 0:00,7.473599,1.771156,6.886454,6.886526,-3.6106,50.281086,10.378487,4,19.5,4.767455,74.379133,142.318005,30.558928,139.47,6,5.75,..,6.25,6.25,8.65/9.45,7.65/8.05,6.00/6.75,3.5,5.896635,6.3977,6.5014,6.5824,7.2736,63.4983,79.0681,4.16,4.57,4.5,5.065234,1.622400336,5.11,3.019538,0.926498851,2.525651,4.726101,2.956989,26.161724,13.649061
2017,,,,,,,,,,,,,,,,,,,,,,,,,,,,,,,,,,,,,,,,,,,
31/12/17 0:00,7.313065,3.629361,10.383152,11.187293,-6.669804,55.867633,10.019357,4,19.5,5.1,74.683325,173.7,30.514412,159.89,6,5.75,..,6.25,6.25,8.85/9.45,7.65/8.05,6.00/6.75,3.5,5.987188,6.1908,6.3305,6.4232,7.51,63.9273,76.3867,4.32,4.44,4.47,5.214724,1.651486163,4,3.581021,1.351794268,3.864353,8.031674,2.790279,21.467592,15.696737
30/11/17 0:00,8.541846,2.958256,9.267197,9.628571,3.547226,30.43925,8.374324,4,19.5,4.662059,73.40989,136.402265,30.982847,372.49,6,5.75,..,6.25,6.25,8.95/9.45,7.70/8.05,6.00/6.75,3.5,5.893581,6.1495,6.2452,6.2758,7.2051,64.7328,76.7213,4.26,4.08,4.39,4.878049,1.584745345,3.97,4.021448,1.720990378,5.590062,8.36197,2.702703,23.69361,31.029202
31/10/17 0:00,1.828761,8.717091,6.774146,7.418569,15.5,-5.127995,6.06885,4,19.5,4.8,73,108.2,30.807636,748.8,6,5.75,..,6.25,6.25,8.95/9.45,7.70/8.05,6.25/6.75,3.5,5.852523,6.1081,6.1812,6.2192,7,65.0931,75.6837,4.52,4.36,4.36,3.576865,1.274486718,3.24,3.67713,1.313198799,3.718048,10.874704,2.617329,8.715272,-2.020124
30/09/17 0:00,4.1,8.2,6.5,7.1,16.4,-3.999494,5.559142,4,20,4.902495,73.124859,88.7953,30.451051,184.35,6,5.75,..,6.25,6.25,9.00/9.55,7.75/8.10,6.25/6.75,3.5,5.882495,6.1081,6.2239,6.2419,6.8283,65.3552,77.0603,4.96,4.28,4.19,3.28495,1.189351431,2.89,3.141831,-0.3723297,0.689127,10.456731,2.98913,19.227687,25.464482
31/08/17 0:00,4.806867,8.9,6.2,7.1,16.6,-5.1,6.682812,4,20,4.973693,72.56024,**,31.042405,*,6,5.75,..,6.25,6.25,9.00/9.55,7.75/8.10,6.25/6.75,3.5,5.929492,6.1081,6.2239,6.2532,6.6546,64.0676,75.5805,4.68,4.53,4.48,3.279939,1.187824825,2.52,3.23741,1.087900792,2.968037,9.864365,2.359347,23.094466,8.140095
31/07/17 0:00,1.027397,9.5,5.7,6.5,16.1,-6.198006,6.676587,4,20,4.791414,72.3,**,30.543599,*,6.25,6,..,6.5,6.5,9.00/9.55,7.75/8.10,6.25/6.90,4,6.083201,6.1495,6.2452,6.2872,6.5555,64.1483,74.9829,4.68,4.61,4.6,2.364607,0.860611835,1.79,1.878354,-0.499259437,0.60698,4.368359,2.085222,16.753974,2.767633
30/06/17 0:00,-0.334169,12.8,8.2,9,18.2,-5.056621,6.99778,4,20,5.1,72.600426,**,30.119353,*,6.25,6,..,6.5,6.5,9.10/9.60,7.75/8.10,6.25/6.90,4,6.06786,6.2735,6.3305,6.3778,6.5665,64.7379,74.0019,5.19,4.76,4.7,1.460415,0.378720642,1.08,0.895255,,-4.166667,5.164319,2.363636,19.853838,1.576092
31/05/17 0:00,2.885408,10.358064,4.7,5.522612,17.561242,-8.666095,6.573706,4,20.5,4.717976,72.1,**,30.565595,*,6.25,6,..,6.5,6.5,9.10/9.60,7.75/8.10,6.25/6.90,4,6.04,6.3149,6.3946,6.4686,6.69,64.5945,72.3329,4.92,4.83,4.71,2.177294,0.778082821,1.09,2.264493,,-1.708075,11.808118,2.550091,35.326936,6.869681
30/04/17 0:00,3.166227,10.9,4.8,5.6,18.216134,-10.601692,6.712323,4,20.5,4.810077,71.772967,**,30.112684,*,6.25,6,..,6.5,6.5,9.10/9.60,7.75/8.20,6.50/7.00,4,5.998731,6.1908,6.3092,6.4459,7.2009,64.217,69.8809,5.61,5.23,5.15,2.985075,1.093624872,2.21,3.853211,0.030459368,1.030928,17.113665,3.113553,47.471751,18.077612
31/03/17 0:00,4.388715,11.3,4.5,5.2,17.378441,-12.9,10.6,4,20.5,5.299787,72.891955,41.377584,28.163647,28.37,6.25,5.75,..,6.75,6.75,9.25/9.60,7.75/8.20,6.50/7.00,4,5.968401,5.8189,6.0535,6.1401,7.08,64.8386,69.2476,5.09,4.97,4.9,3.888889,1.358123513,2.61,5.106778,1.203972704,3.333333,22.352941,3.216912,46.269715,27.88879
28/02/17 0:00,1.188455,11.976224,3.646048,4.339184,22.520364,-19.493496,6.067363,4,20.5,4.724643,71.233962,16.664995,31.559912,60.38,6.25,5.75,..,6.75,6.75,9.25/9.65,7.75/8.20,6.50/7.00,4,5.945267,6.1495,6.2665,6.2985,7.19,66.8351,70.5444,4.85,5.15,5,3.650794,1.294944678,2.62,5.50887,1.389565007,4.013104,25.165563,3.231764,24.907783,18.617659
31/01/17 0:00,3.53238,12.684614,4.264233,4.301727,27.725738,-25.339964,6.010535,4,20.5,4.76486,70.684309,12.965548,33.288173,75.56,6.25,5.75,..,6.75,6.75,9.25/9.65,7.75/8.20,6.50/7.00,4,5.975877,6.2322,6.2239,6.2532,6.8675,68.2043,72.7467,4.4,4.84,4.68,3.167063,1.15280466,1.86,4.259259,0.657941158,1.930813,16.666667,3.333333,11.759669,5.459172
2016,,,,,,,,,,,,,,,,,,,,,,,,,,,,,,,,,,,,,,,,,,,
31/12/16 0:00,2.35492,15.72683,6.03604,6.203801,33.525679,-28.9,6.203678,4,20.75,5.389268,70.113827,12.925446,33.866319,76.96,6.25,5.75,..,6.75,6.75,9.30/9.65,8.65/9.00,6.50/7.00,4,6.115218,6.2735,6.3519,6.3438,6.6298,67.9547,71.6175,3.88,4.15,4.44,3.409992,1.226709945,2.23,2.102377,-2.539231904,0.078927,4.2,2.490775,1.483965,6.475906
30/11/16 0:00,5.077063,15.562477,6.179128,6.533896,20.453377,-16.776015,8.073359,4,20.75,6.519638,69.260729,1,30.825899,52.54,6.25,5.75,..,6.75,6.75,9.30/9.65,8.65/9.00,6.50/7.10,4,5.935453,5.9428,6.0748,5.9598,6.3,68.4626,72.3855,2.19,3.16,3.67,3.633491,1.290193894,2.59,1.819836,0.290824629,1.33753,2.105263,2.022059,11.92605,2.58342
31/10/16 0:00,4.155844,9.2,8.680214,8.816399,8.00965,15.971508,10.427971,4,20.75,4.872426,74.351296,22.299284,29.01184,42.59,6.25,5.75,..,6.75,6.75,9.30/9.65,8.80/9.10,6.50/7.30,4,6.18,6.3563,6.4587,6.4573,6.8321,66.8566,72.9071,5.38,5.38,5.35,4.203013,1.435801649,3.35,1.271571,0.758970501,2.136076,-1.168224,1.279707,10.744593,8.876256
30/09/16 0:00,4.973357,10.753994,10.063101,10.2,6.490453,14.71254,13.645687,4,21,4.699551,74.253327,32.002528,28.289059,30.2,6.5,6,..,7,7,9.30/9.65,8.85/9.15,7.00/7.30,4,6.432104,6.5219,6.6297,6.5824,6.8105,66.6596,74.7521,6.66,6.21,5.85,4.385965,1.47840967,4.14,1.364877,1.317244881,3.733122,-2.917153,1.098901,-0.612769,4.110766
31/08/16 0:00,4.017857,8.924398,8.903101,9.055,5.29253,15.127785,9.983371,4,21,4.751166,74.442012,-2.166498,29.002727,49.33,6.5,6,..,7,7,9.30/9.70,8.85/9.15,7.00/7.50,4,6.400621,6.5634,6.6725,6.6736,7.1336,67.0299,75.7371,6.44,6.24,5.85,5.048077,1.619007379,5.3,1.090909,1.565421028,4.784689,-7.420091,0.915751,-13.76778,0.066765
31/07/16 0:00,4.472272,8.292561,8.4,8.629573,4.68345,15.2,10.073511,4,21,4.78699,74.908661,2.042804,28.80732,46.29,6.5,6,..,7,7,9.30/9.70,8.90/9.15,7.00/7.50,4,6.393004,6.5634,6.694,6.7421,7.2655,67.034,74.2737,6.35,6.24,6.03,6.067961,1.803022634,6.46,0.630063,1.797375172,6.033789,-9.701493,0.363967,-19.351872,-16.662274
30/06/16 0:00,8.032491,9.12183,9.008751,9.332286,5.6,14.330441,10.293748,4,21.25,4.777338,75.736819,-10.014488,28.758559,55.79,6.5,6,..,7,7,9.30/9.70,8.90/9.15,7.00/7.60,4,6.32732,6.7292,6.8225,6.9022,7.51,68.0144,75.1015,6.35,6.32,6.12,5.772358,1.753080663,6.13,-0.089445,1.737751617,5.684548,-11.618257,-0.271985,-7.809937,1.485647
31/05/16 0:00,8,8.3,9.386401,9.6,4.680405,12.487358,9.90986,4,21.25,4.707009,75.955178,-12.405723,28.700137,57.08,6.5,6,..,7,7,9.30/9.70,8.90/9.15,7.00/7.50,4,6.424398,6.8536,6.9513,6.9595,7.48,67.0613,75.0885,6.35,6.44,6.32,5.756579,1.750343375,6.59,-0.897666,1.476138036,4.376013,-14.86911,-0.633484,-13.381661,-1.5911
30/04/16 0:00,6.5,9.1,8.737768,8.9,4.633518,13.7,10.754266,4,21.25,4.83285,75.927017,-8.7,28.251284,33.88,6.5,6,..,7,7,9.30/9.70,8.95/9.15,7.00/8.00,4,6.488915,6.8121,6.9083,6.9137,7.4409,66.5176,75.7303,7.22,6.8,6.57,5.468103,1.698931756,5.86,-1.1,1.335001067,3.8,-14.2,-0.8,-22.983284,-5.628729
31/03/16 0:00,5.52,9.304797,10.911086,10.902812,5.389377,13.081754,10.117823,4,21.5,4.769665,77.724773,89.822429,28.131784,16.9,6.75,5.75,..,7.75,7.75,9.30/9.70,-/-,7.00/7.90,4,6.909641,7.2689,7.1662,7.1088,7.34,66.864,74.9077,9.69,7.69,7.13,4.825291,1.573871044,5.51,-2,0.875468737,2.4,-16.8,-1.1,-22.914854,-4.670164
29/02/16 0:00,1.933702,9.660475,11.041645,11.072216,6.25661,14.205249,11.062556,4,21.5,4.818684,76.959134,80.861738,28.843856,25.23,6.75,5.75,..,7.75,7.75,9.30/9.70,-/-,7.00/7.90,4,6.729624,..,..,7.2816,7.61,68.7775,76.0404,8.29,7.36,6.86,5.263158,1.660731227,5.53,-0.854214,0.710023472,2.034039,-7.064018,-0.519481,-4.5,-5.281343
31/01/16 0:00,-1.585624,10.456797,11.079152,11.268259,8.422736,12.05398,10.861424,4,21.5,4.765796,76.392775,74.056723,29.368121,31.53,6.75,5.75,..,7.75,7.75,9.30/9.70,-/-,7.00/7.90,4,6.887447,7.31,7.2308,7.2124,7.6387,67.8763,74.0666,6.01,6.36,6.22,5.690377,1.738776503,5.91,-1.07163,1.457625231,4.295746,-9.89418,-1.165049,-10.534019,-13.17273
,,,,,,,,,,,,,,,,,,,,,,,,,,,,,,,,,,,,,,,,,,,
Notes :,"** Denominator and numerator negative. 
* Denominator negative/negligible.
1 : 3.5 & 3.7: Relate to ratios of increments over financial year so far. 
2 : 4.1 to 4.4, 4.8,4.9 &5: Relate to the last friday of the month/financial year. 
3 : 4.5, 4.6 & 4.7: Relate to five major banks on the last Friday of the month/financial year. 
4 : 4.10 to 4.12: Relate to the last auction day of the month/financial year. 
5 : 4.13: Relate to last day of the month/ financial year
6 : 7.1&7.2:  Relate to Foreign trade in US Dollar
7 : CPI- IW based inflation is based on CPI-IW for base year 2001. 
8 : WPI based inflation is based on WPI (Base : 2011-12 = 100) from period April 2013 onwards and earlier period inflation figures are based on WPI (Base : 2004-05 = 100). 
9 : Inflation based on All India Consumer Price Index is based on CPI- Combined for base year 2010=100 for period January 2012-December 2013 and base year 2012=100 for period January 2014 onwards. 
10 : Financial Benchmarks India Private Limited (FBIL) commenced dissemination of reference rates w.e.f July 10, 2018.",,,,,,,,,,,,,,,,,,,,,,,,,,,,,,,,,,,,,,,,,,